{"India": 0.9333333333333333, "Australia": 0.5, "Pakistan": 0.25, "England": 0.2222222222222222, "South Africa": 0.3333333333333333, "New Zealand": 0.3333333333333333, "CSK": 0.8333333333333334, "MI": 0.6666666666666666, "RCB": 0.2857142857142857, "KKR": 0.8, "SRH": 0.0, "GT": 0.75, "PBKS": 0.3333333333333333, "DC": 0.2, "RR": 0.75, "LSG": 0.3333333333333333}